{
  "n_samples": 92,
  "by_camera_coverage": {
    "0": {
      "n": 3176003,
      "n_gt_pos": 5433,
      "tp": 0,
      "fp": 0,
      "fn": 5433,
      "tn": 3170570,
      "precision": 0.0,
      "recall": 0.0,
      "f1": 0.0
    },
    "1": {
      "n": 16954,
      "n_gt_pos": 10894,
      "tp": 10413,
      "fp": 4905,
      "fn": 481,
      "tn": 1155,
      "precision": 0.6797884841363102,
      "recall": 0.9558472553699284,
      "f1": 0.7945215931634366
    },
    "2": {
      "n": 1091,
      "n_gt_pos": 808,
      "tp": 794,
      "fp": 248,
      "fn": 14,
      "tn": 35,
      "precision": 0.761996161228407,
      "recall": 0.9826732673267327,
      "f1": 0.8583783783783784
    }
  },
  "confidence_histograms_bins": [
    0.0,
    0.05,
    0.1,
    0.15000000000000002,
    0.2,
    0.25,
    0.30000000000000004,
    0.35000000000000003,
    0.4,
    0.45,
    0.5,
    0.55,
    0.6000000000000001,
    0.65,
    0.7000000000000001,
    0.75,
    0.8,
    0.8500000000000001,
    0.9,
    0.9500000000000001,
    1.0
  ],
  "confidence_histograms": {
    "tp": [
      0,
      0,
      0,
      0,
      0,
      0,
      0,
      0,
      0,
      0,
      118,
      155,
      199,
      230,
      350,
      609,
      959,
      1990,
      4468,
      2129
    ],
    "fp": [
      0,
      0,
      0,
      0,
      0,
      0,
      0,
      0,
      0,
      0,
      255,
      352,
      222,
      222,
      327,
      283,
      344,
      661,
      1680,
      807
    ],
    "fn_conf": [
      5460,
      19,
      31,
      19,
      37,
      43,
      51,
      56,
      97,
      115,
      0,
      0,
      0,
      0,
      0,
      0,
      0,
      0,
      0,
      0
    ]
  }
}