{
  "n_samples": 404,
  "by_camera_coverage": {
    "0": {
      "n": 13973315,
      "n_gt_pos": 14803,
      "tp": 0,
      "fp": 0,
      "fn": 14803,
      "tn": 13958512,
      "precision": 0.0,
      "recall": 0.0,
      "f1": 0.0
    },
    "1": {
      "n": 50056,
      "n_gt_pos": 31124,
      "tp": 30138,
      "fp": 15693,
      "fn": 986,
      "tn": 3239,
      "precision": 0.6575898409373568,
      "recall": 0.9683202673178255,
      "f1": 0.7832629458774608
    },
    "2": {
      "n": 2837,
      "n_gt_pos": 2038,
      "tp": 2003,
      "fp": 713,
      "fn": 35,
      "tn": 86,
      "precision": 0.7374815905743741,
      "recall": 0.9828263002944063,
      "f1": 0.8426588136306268
    }
  },
  "confidence_histograms_bins": [
    0.0,
    0.05,
    0.1,
    0.15000000000000002,
    0.2,
    0.25,
    0.30000000000000004,
    0.35000000000000003,
    0.4,
    0.45,
    0.5,
    0.55,
    0.6000000000000001,
    0.65,
    0.7000000000000001,
    0.75,
    0.8,
    0.8500000000000001,
    0.9,
    0.9500000000000001,
    1.0
  ],
  "confidence_histograms": {
    "tp": [
      0,
      0,
      0,
      0,
      0,
      0,
      0,
      0,
      0,
      0,
      418,
      367,
      625,
      726,
      854,
      1777,
      3149,
      7414,
      12108,
      4703
    ],
    "fp": [
      0,
      0,
      0,
      0,
      0,
      0,
      0,
      0,
      0,
      0,
      789,
      894,
      723,
      800,
      1092,
      1306,
      1529,
      2930,
      4723,
      1620
    ],
    "fn_conf": [
      14865,
      45,
      58,
      40,
      63,
      85,
      88,
      100,
      176,
      304,
      0,
      0,
      0,
      0,
      0,
      0,
      0,
      0,
      0,
      0
    ]
  }
}