{
  "overall": {
    "n": 3194048,
    "n_gt_pos": 17135,
    "n_pseudo_pos": 16360,
    "tp": 11207,
    "fp": 5153,
    "fn": 5928,
    "tn": 3171760,
    "precision": 0.6850244498777506,
    "recall": 0.6540414356580099,
    "f1": 0.6691745036572623
  },
  "by_distance": {
    "0-15m": {
      "n": 2568251,
      "n_gt_pos": 10836,
      "n_pseudo_pos": 9175,
      "tp": 7622,
      "fp": 1553,
      "fn": 3214,
      "tn": 2555862,
      "precision": 0.8307356948228883,
      "recall": 0.7033960871170174,
      "f1": 0.7617810204387588
    },
    "15-30m": {
      "n": 431492,
      "n_gt_pos": 4682,
      "n_pseudo_pos": 5543,
      "tp": 3026,
      "fp": 2517,
      "fn": 1656,
      "tn": 424293,
      "precision": 0.5459137651091467,
      "recall": 0.6463049978641606,
      "f1": 0.5918826405867971
    },
    "30-infm": {
      "n": 194305,
      "n_gt_pos": 1617,
      "n_pseudo_pos": 1642,
      "tp": 559,
      "fp": 1083,
      "fn": 1058,
      "tn": 191605,
      "precision": 0.3404384896467722,
      "recall": 0.34570191713048853,
      "f1": 0.3430500153421295
    }
  },
  "n_samples_evaluated": 92,
  "n_samples_missing_pseudo": 312
}