{
  "overall": {
    "n": 14026208,
    "n_gt_pos": 47965,
    "n_pseudo_pos": 48547,
    "tp": 32141,
    "fp": 16406,
    "fn": 15824,
    "tn": 13961837,
    "precision": 0.6620594475456774,
    "recall": 0.6700927759824872,
    "f1": 0.6660518899204243
  },
  "by_distance": {
    "0-15m": {
      "n": 11143556,
      "n_gt_pos": 35601,
      "n_pseudo_pos": 30951,
      "tp": 25255,
      "fp": 5696,
      "fn": 10346,
      "tn": 11102259,
      "precision": 0.8159671739200672,
      "recall": 0.7093901856689419,
      "f1": 0.7589554032936651
    },
    "15-30m": {
      "n": 1772804,
      "n_gt_pos": 9556,
      "n_pseudo_pos": 12932,
      "tp": 5993,
      "fp": 6939,
      "fn": 3563,
      "tn": 1756309,
      "precision": 0.46342406433652955,
      "recall": 0.6271452490581834,
      "f1": 0.5329953753112772
    },
    "30-infm": {
      "n": 1109848,
      "n_gt_pos": 2808,
      "n_pseudo_pos": 4664,
      "tp": 893,
      "fp": 3771,
      "fn": 1915,
      "tn": 1103269,
      "precision": 0.1914665523156089,
      "recall": 0.318019943019943,
      "f1": 0.23902569593147752
    }
  },
  "n_samples_evaluated": 404,
  "n_samples_missing_pseudo": 0
}